gender,sha256,city,registered,medium,login,cell,title,password,street,id,state,value,email,nat,thumbnail,salt,last,large,postcode,picture,sha1,phone,dob,name,location,first,username,md5
male,bad4b11ee387e5dfa3f5d78cc5d51dc09f1d2ffddfc37d1564773a4fcd188449,elgin,2006-06-02 15:28:05,https://randomuser.me/api/portraits/med/men/92.jpg,{sha1=c06b045db97138c4254a9b8f11cca0cb762a177c", password=gilles", salt=ybEEuVPW", sha256=bad4b11ee387e5dfa3f5d78cc5d51dc09f1d2ffddfc37d1564773a4fcd188449", username=heavypeacock585", md5=e89bc9d6ac005aa6365f08df7274d445},(171)-109-5761,mr,gilles,2715 avondale ave,{name=SSN", value=360-69-5613},delaware,360-69-5613,steven.scott@example.com,US,https://randomuser.me/api/portraits/thumb/men/92.jpg,ybEEuVPW,scott,https://randomuser.me/api/portraits/men/92.jpg,39857,{thumbnail=https://randomuser.me/api/portraits/thumb/men/92.jpg", large=https://randomuser.me/api/portraits/men/92.jpg", medium=https://randomuser.me/api/portraits/med/men/92.jpg},c06b045db97138c4254a9b8f11cca0cb762a177c,(614)-107-9877,1978-05-20 21:56:46,SSN,{city=elgin", street=2715 avondale ave", postcode=39857", state=delaware},steven,heavypeacock585,e89bc9d6ac005aa6365f08df7274d445
male,96ec441c65f34c318d46d482a42ea4339ec007594ede4fed2899d53828865cc1,roseburg,2014-07-09 20:19:51,https://randomuser.me/api/portraits/med/men/31.jpg,{sha1=7902ec3374580b9cb75e0d7e0f2796416d931a8b", password=esther", salt=KN0jxxG7", sha256=96ec441c65f34c318d46d482a42ea4339ec007594ede4fed2899d53828865cc1", username=organicwolf855", md5=6daeef65f943f027558801ee2ce1d1a0},(160)-111-6392,mr,esther,9416 adams st,{name=SSN", value=364-83-9739},north dakota,364-83-9739,evan.peterson@example.com,US,https://randomuser.me/api/portraits/thumb/men/31.jpg,KN0jxxG7,peterson,https://randomuser.me/api/portraits/men/31.jpg,67445,{thumbnail=https://randomuser.me/api/portraits/thumb/men/31.jpg", large=https://randomuser.me/api/portraits/men/31.jpg", medium=https://randomuser.me/api/portraits/med/men/31.jpg},7902ec3374580b9cb75e0d7e0f2796416d931a8b,(875)-752-8062,1987-01-09 22:02:32,SSN,{city=roseburg", street=9416 adams st", postcode=67445", state=north dakota},evan,organicwolf855,6daeef65f943f027558801ee2ce1d1a0
male,dae1526a29fa90b4d53ed33c2a70c34c8da0325b83e9c3c03be7db1b1fee4417,ventura,2006-03-16 06:09:43,https://randomuser.me/api/portraits/med/men/22.jpg,{sha1=75cba739c7c105e00bc7f58c09070e1d0ae4f85c", password=1220", salt=E8RHHQzP", sha256=dae1526a29fa90b4d53ed33c2a70c34c8da0325b83e9c3c03be7db1b1fee4417", username=yellowlion562", md5=1fc8993998e975b44ba267173d624a5c},(521)-612-9049,mr,1220,8180 dane st,{name=SSN", value=599-11-4481},arizona,599-11-4481,darren.smith@example.com,US,https://randomuser.me/api/portraits/thumb/men/22.jpg,E8RHHQzP,smith,https://randomuser.me/api/portraits/men/22.jpg,25317,{thumbnail=https://randomuser.me/api/portraits/thumb/men/22.jpg", large=https://randomuser.me/api/portraits/men/22.jpg", medium=https://randomuser.me/api/portraits/med/men/22.jpg},75cba739c7c105e00bc7f58c09070e1d0ae4f85c,(429)-392-5445,1978-11-27 08:37:14,SSN,{city=ventura", street=8180 dane st", postcode=25317", state=arizona},darren,yellowlion562,1fc8993998e975b44ba267173d624a5c
male,d6ad335186ff9619933baf332b3bc8456ac6ad36c33fc5368be8a0064d2c2db4,el cajon,2016-02-29 08:06:05,https://randomuser.me/api/portraits/med/men/57.jpg,{sha1=ec0a87b6a2ef35c14400b9878cc01ddf2128f6a8", password=martha", salt=My4aOWDn", sha256=d6ad335186ff9619933baf332b3bc8456ac6ad36c33fc5368be8a0064d2c2db4", username=beautifulostrich456", md5=9d5c82909a6d88e612cbd0700b351175},(121)-822-7171,mr,martha,1401 harrison ct,{name=SSN", value=705-72-2114},arkansas,705-72-2114,jerome.morales@example.com,US,https://randomuser.me/api/portraits/thumb/men/57.jpg,My4aOWDn,morales,https://randomuser.me/api/portraits/men/57.jpg,87938,{thumbnail=https://randomuser.me/api/portraits/thumb/men/57.jpg", large=https://randomuser.me/api/portraits/men/57.jpg", medium=https://randomuser.me/api/portraits/med/men/57.jpg},ec0a87b6a2ef35c14400b9878cc01ddf2128f6a8,(789)-892-3097,1954-03-19 03:15:15,SSN,{city=el cajon", street=1401 harrison ct", postcode=87938", state=arkansas},jerome,beautifulostrich456,9d5c82909a6d88e612cbd0700b351175
female,c7ca143c583bca84ce549ef088f505e2dcaa29ebc3a5915d6fe14f65ebc1d769,lansing,2014-12-11 16:16:37,https://randomuser.me/api/portraits/med/women/58.jpg,{sha1=33c72085ee3c9bc654a76da4284ae59ca8b07c55", password=lindsay", salt=7JSPfhPe", sha256=c7ca143c583bca84ce549ef088f505e2dcaa29ebc3a5915d6fe14f65ebc1d769", username=orangemeercat747", md5=254ee9a81364df4c0d1929a317d5ebb0},(868)-483-6203,ms,lindsay,2856 depaul dr,{name=SSN", value=700-78-1102},colorado,700-78-1102,margie.bennett@example.com,US,https://randomuser.me/api/portraits/thumb/women/58.jpg,7JSPfhPe,bennett,https://randomuser.me/api/portraits/women/58.jpg,10408,{thumbnail=https://randomuser.me/api/portraits/thumb/women/58.jpg", large=https://randomuser.me/api/portraits/women/58.jpg", medium=https://randomuser.me/api/portraits/med/women/58.jpg},33c72085ee3c9bc654a76da4284ae59ca8b07c55,(924)-026-4255,1981-11-15 16:09:03,SSN,{city=lansing", street=2856 depaul dr", postcode=10408", state=colorado},margie,orangemeercat747,254ee9a81364df4c0d1929a317d5ebb0
female,2d5fb6bb3d414201b351430d0889712df0dd47fb7e1b5670a9fcffdfd9d7d3b0,bakersfield,2003-04-28 15:32:15,https://randomuser.me/api/portraits/med/women/89.jpg,{sha1=084de308ae9fc21267382aa4fe6efb36bc90b2c9", password=halflife", salt=3yRPNFLp", sha256=2d5fb6bb3d414201b351430d0889712df0dd47fb7e1b5670a9fcffdfd9d7d3b0", username=browngorilla860", md5=6050a707cc2a9d873dc99b25fe6945eb},(559)-223-8591,ms,halflife,8719 hunters creek dr,{name=SSN", value=166-75-1433},south carolina,166-75-1433,tamara.fox@example.com,US,https://randomuser.me/api/portraits/thumb/women/89.jpg,3yRPNFLp,fox,https://randomuser.me/api/portraits/women/89.jpg,23707,{thumbnail=https://randomuser.me/api/portraits/thumb/women/89.jpg", large=https://randomuser.me/api/portraits/women/89.jpg", medium=https://randomuser.me/api/portraits/med/women/89.jpg},084de308ae9fc21267382aa4fe6efb36bc90b2c9,(291)-383-2819,1979-08-01 04:38:01,SSN,{city=bakersfield", street=8719 hunters creek dr", postcode=23707", state=south carolina},tamara,browngorilla860,6050a707cc2a9d873dc99b25fe6945eb
male,025b1fb5871c1032233aaae03419c56aa29a646fb72db0efc0df7660be95c66f,red oak,2015-09-04 22:42:03,https://randomuser.me/api/portraits/med/men/39.jpg,{sha1=502b21d8136dd586b914d830cbd65ea5f70b42fa", password=volcom", salt=Ieu2Wk44", sha256=025b1fb5871c1032233aaae03419c56aa29a646fb72db0efc0df7660be95c66f", username=purpleostrich315", md5=f07127deb07596f46d9c3bf3e3f44e84},(594)-886-0309,mr,volcom,5779 elgin st,{name=SSN", value=409-31-0463},north carolina,409-31-0463,kelly.terry@example.com,US,https://randomuser.me/api/portraits/thumb/men/39.jpg,Ieu2Wk44,terry,https://randomuser.me/api/portraits/men/39.jpg,66090,{thumbnail=https://randomuser.me/api/portraits/thumb/men/39.jpg", large=https://randomuser.me/api/portraits/men/39.jpg", medium=https://randomuser.me/api/portraits/med/men/39.jpg},502b21d8136dd586b914d830cbd65ea5f70b42fa,(190)-684-2633,1972-09-12 10:37:22,SSN,{city=red oak", street=5779 elgin st", postcode=66090", state=north carolina},kelly,purpleostrich315,f07127deb07596f46d9c3bf3e3f44e84
male,a1591ded5aac576f73fcfc0043fba9190090e36834a076b970488e6ed8117abf,stamford,2011-02-08 04:12:41,https://randomuser.me/api/portraits/med/men/36.jpg,{sha1=43dd78f6223c56dd05a74b5dd760f454c62fb81e", password=bauhaus", salt=Z6hLGvJ2", sha256=a1591ded5aac576f73fcfc0043fba9190090e36834a076b970488e6ed8117abf", username=brownpeacock925", md5=43c630ffde51b440e2dfeee673defcc6},(386)-053-1343,mr,bauhaus,8854 spring hill rd,{name=SSN", value=902-12-3181},texas,902-12-3181,allan.hoffman@example.com,US,https://randomuser.me/api/portraits/thumb/men/36.jpg,Z6hLGvJ2,hoffman,https://randomuser.me/api/portraits/men/36.jpg,18237,{thumbnail=https://randomuser.me/api/portraits/thumb/men/36.jpg", large=https://randomuser.me/api/portraits/men/36.jpg", medium=https://randomuser.me/api/portraits/med/men/36.jpg},43dd78f6223c56dd05a74b5dd760f454c62fb81e,(752)-706-4560,1966-04-29 16:54:20,SSN,{city=stamford", street=8854 spring hill rd", postcode=18237", state=texas},allan,brownpeacock925,43c630ffde51b440e2dfeee673defcc6
male,d675a424b08f3a6b5939bcfa69c7b4fba70acd6c03e3600282aa393305d5ebe3,manchester,2009-03-30 21:55:27,https://randomuser.me/api/portraits/med/men/28.jpg,{sha1=4d6f5434222c1bf7de939cc71e44cc503495b772", password=maureen", salt=kTgfK4I3", sha256=d675a424b08f3a6b5939bcfa69c7b4fba70acd6c03e3600282aa393305d5ebe3", username=blackpeacock420", md5=45865b233dd19e9c0a46f87dc4ddbef0},(418)-655-4484,mr,maureen,2674 country club rd,{name=SSN", value=579-49-0250},wyoming,579-49-0250,levi.fields@example.com,US,https://randomuser.me/api/portraits/thumb/men/28.jpg,kTgfK4I3,fields,https://randomuser.me/api/portraits/men/28.jpg,48099,{thumbnail=https://randomuser.me/api/portraits/thumb/men/28.jpg", large=https://randomuser.me/api/portraits/men/28.jpg", medium=https://randomuser.me/api/portraits/med/men/28.jpg},4d6f5434222c1bf7de939cc71e44cc503495b772,(868)-702-5075,1972-08-07 09:22:53,SSN,{city=manchester", street=2674 country club rd", postcode=48099", state=wyoming},levi,blackpeacock420,45865b233dd19e9c0a46f87dc4ddbef0
male,b05beb8349f0243e97ba0e451cecfab9404ea8bcd505d35a18f6167981c0ce38,south valley,2016-04-05 16:22:08,https://randomuser.me/api/portraits/med/men/95.jpg,{sha1=dc2d359375b64e02f62b410a9fb02248dbf7fc60", password=4runner", salt=m8GN6LeJ", sha256=b05beb8349f0243e97ba0e451cecfab9404ea8bcd505d35a18f6167981c0ce38", username=greenswan487", md5=ba10221c122ea95ea9388af9aabc3c8f},(396)-734-5026,mr,4runner,3335 white oak dr,{name=SSN", value=151-85-8743},indiana,151-85-8743,derrick.willis@example.com,US,https://randomuser.me/api/portraits/thumb/men/95.jpg,m8GN6LeJ,willis,https://randomuser.me/api/portraits/men/95.jpg,99607,{thumbnail=https://randomuser.me/api/portraits/thumb/men/95.jpg", large=https://randomuser.me/api/portraits/men/95.jpg", medium=https://randomuser.me/api/portraits/med/men/95.jpg},dc2d359375b64e02f62b410a9fb02248dbf7fc60,(190)-046-6373,1950-08-16 18:39:41,SSN,{city=south valley", street=3335 white oak dr", postcode=99607", state=indiana},derrick,greenswan487,ba10221c122ea95ea9388af9aabc3c8f
male,a707401100c890db23481e62bebe72de2190578e6f4a68c0415e7638d223e79f,dumas,2015-01-24 19:43:17,https://randomuser.me/api/portraits/med/men/2.jpg,{sha1=716061505623e2bddac891294a284421bb0a7ac3", password=five", salt=Sw7sPgVC", sha256=a707401100c890db23481e62bebe72de2190578e6f4a68c0415e7638d223e79f", username=orangemeercat367", md5=84f7366f8932b0435d50e9d838394511},(416)-760-2799,mr,five,6727 valley view ln,{name=SSN", value=872-87-8847},texas,872-87-8847,isaac.lopez@example.com,US,https://randomuser.me/api/portraits/thumb/men/2.jpg,Sw7sPgVC,lopez,https://randomuser.me/api/portraits/men/2.jpg,27276,{thumbnail=https://randomuser.me/api/portraits/thumb/men/2.jpg", large=https://randomuser.me/api/portraits/men/2.jpg", medium=https://randomuser.me/api/portraits/med/men/2.jpg},716061505623e2bddac891294a284421bb0a7ac3,(679)-106-2328,1992-04-14 09:56:16,SSN,{city=dumas", street=6727 valley view ln", postcode=27276", state=texas},isaac,orangemeercat367,84f7366f8932b0435d50e9d838394511
male,fc9d2dae74e0c26750cea467af35265045ec411d8bac94266b1b48ab0e0764f9,cupertino,2006-12-26 04:01:14,https://randomuser.me/api/portraits/med/men/72.jpg,{sha1=dff0f604264a9552a4fa5c1e604bf9b114978930", password=1269", salt=8szsdZ2Z", sha256=fc9d2dae74e0c26750cea467af35265045ec411d8bac94266b1b48ab0e0764f9", username=tinyostrich696", md5=0ba3483846416ece6e85f18d39b5c3cb},(550)-460-5791,mr,1269,5902 w sherman dr,{name=SSN", value=618-08-7294},minnesota,618-08-7294,karl.frazier@example.com,US,https://randomuser.me/api/portraits/thumb/men/72.jpg,8szsdZ2Z,frazier,https://randomuser.me/api/portraits/men/72.jpg,11997,{thumbnail=https://randomuser.me/api/portraits/thumb/men/72.jpg", large=https://randomuser.me/api/portraits/men/72.jpg", medium=https://randomuser.me/api/portraits/med/men/72.jpg},dff0f604264a9552a4fa5c1e604bf9b114978930,(332)-718-5297,1984-06-22 20:41:52,SSN,{city=cupertino", street=5902 w sherman dr", postcode=11997", state=minnesota},karl,tinyostrich696,0ba3483846416ece6e85f18d39b5c3cb
female,009467f01036a69288b3ed5bc007d49fceb8c374cf7156c7adb8563bbc7bddda,athens,2014-10-20 21:43:35,https://randomuser.me/api/portraits/med/women/8.jpg,{sha1=18dd39984b4adcb461f4d5d5b5f94bbf39dd8c56", password=isabel", salt=aooGOnVl", sha256=009467f01036a69288b3ed5bc007d49fceb8c374cf7156c7adb8563bbc7bddda", username=blackmouse543", md5=4f2afcd7765316b78206fde8477b99df},(536)-566-8536,miss,isabel,4810 edwards rd,{name=SSN", value=152-72-1374},idaho,152-72-1374,katherine.hart@example.com,US,https://randomuser.me/api/portraits/thumb/women/8.jpg,aooGOnVl,hart,https://randomuser.me/api/portraits/women/8.jpg,43687,{thumbnail=https://randomuser.me/api/portraits/thumb/women/8.jpg", large=https://randomuser.me/api/portraits/women/8.jpg", medium=https://randomuser.me/api/portraits/med/women/8.jpg},18dd39984b4adcb461f4d5d5b5f94bbf39dd8c56,(286)-026-7439,1992-07-21 03:57:21,SSN,{city=athens", street=4810 edwards rd", postcode=43687", state=idaho},katherine,blackmouse543,4f2afcd7765316b78206fde8477b99df
female,531c7cf207fccbc07adbce900b1d26c689ba296802593a777b8f612ac0fb83d1,winston–salem,2010-09-08 14:14:49,https://randomuser.me/api/portraits/med/women/15.jpg,{sha1=d161ac02d3e6a0b454eff6367433c00b668ff17b", password=niang", salt=fCgiE0bh", sha256=531c7cf207fccbc07adbce900b1d26c689ba296802593a777b8f612ac0fb83d1", username=bluebird606", md5=7290061a99aada212ce1d5ea19483365},(145)-784-3431,mrs,niang,7122 w gray st,{name=SSN", value=817-50-3140},hawaii,817-50-3140,gabriella.silva@example.com,US,https://randomuser.me/api/portraits/thumb/women/15.jpg,fCgiE0bh,silva,https://randomuser.me/api/portraits/women/15.jpg,20077,{thumbnail=https://randomuser.me/api/portraits/thumb/women/15.jpg", large=https://randomuser.me/api/portraits/women/15.jpg", medium=https://randomuser.me/api/portraits/med/women/15.jpg},d161ac02d3e6a0b454eff6367433c00b668ff17b,(946)-962-7022,1987-11-09 04:52:18,SSN,{city=winston–salem", street=7122 w gray st", postcode=20077", state=hawaii},gabriella,bluebird606,7290061a99aada212ce1d5ea19483365
female,c4e5847ad317a9283616c703b0eb5e9c30550356b15da9f98d99ae47780d271e,ontario,2002-09-19 16:22:22,https://randomuser.me/api/portraits/med/women/80.jpg,{sha1=38f8f258890be3620f8b77a81e27f78f1abcaa5f", password=grande", salt=cn7CtU9P", sha256=c4e5847ad317a9283616c703b0eb5e9c30550356b15da9f98d99ae47780d271e", username=tinyostrich800", md5=e15e8de4d45b678c08ef8935816bc302},(907)-562-2396,ms,grande,8003 daisy dr,{name=SSN", value=362-24-1774},montana,362-24-1774,nora.nelson@example.com,US,https://randomuser.me/api/portraits/thumb/women/80.jpg,cn7CtU9P,nelson,https://randomuser.me/api/portraits/women/80.jpg,53496,{thumbnail=https://randomuser.me/api/portraits/thumb/women/80.jpg", large=https://randomuser.me/api/portraits/women/80.jpg", medium=https://randomuser.me/api/portraits/med/women/80.jpg},38f8f258890be3620f8b77a81e27f78f1abcaa5f,(494)-119-8886,1945-04-11 01:47:32,SSN,{city=ontario", street=8003 daisy dr", postcode=53496", state=montana},nora,tinyostrich800,e15e8de4d45b678c08ef8935816bc302
male,4674f3cdf5d14475ebac85497c81e1f86133c84a325c7fe5c5e1b9cbff9955e1,eureka,2004-02-23 07:11:28,https://randomuser.me/api/portraits/med/men/34.jpg,{sha1=fab7d4771ee008a846e97f1dae3336852615c93f", password=babylove", salt=5JHcO1aV", sha256=4674f3cdf5d14475ebac85497c81e1f86133c84a325c7fe5c5e1b9cbff9955e1", username=tinylion234", md5=82163544d0839d405e9730fbc55a2531},(947)-335-9348,mr,babylove,4622 mockingbird ln,{name=SSN", value=442-50-7461},kansas,442-50-7461,jacob.crawford@example.com,US,https://randomuser.me/api/portraits/thumb/men/34.jpg,5JHcO1aV,crawford,https://randomuser.me/api/portraits/men/34.jpg,69332,{thumbnail=https://randomuser.me/api/portraits/thumb/men/34.jpg", large=https://randomuser.me/api/portraits/men/34.jpg", medium=https://randomuser.me/api/portraits/med/men/34.jpg},fab7d4771ee008a846e97f1dae3336852615c93f,(080)-407-4205,1976-01-12 20:19:24,SSN,{city=eureka", street=4622 mockingbird ln", postcode=69332", state=kansas},jacob,tinylion234,82163544d0839d405e9730fbc55a2531
female,b8d5c94112c50f76e35432163b9b1610fcebb38a4e3086fb27dec2b102e24a84,fort lauderdale,2002-10-14 23:33:27,https://randomuser.me/api/portraits/med/women/62.jpg,{sha1=e40aaabbbd40b348a36b639d2d261ce6460e79fa", password=calling", salt=MHhe3mwi", sha256=b8d5c94112c50f76e35432163b9b1610fcebb38a4e3086fb27dec2b102e24a84", username=beautifulelephant878", md5=81af5a67706ce8a249962cdc358389e2},(438)-630-2350,ms,calling,8265 valley view ln,{name=SSN", value=383-83-3850},new york,383-83-3850,eileen.fox@example.com,US,https://randomuser.me/api/portraits/thumb/women/62.jpg,MHhe3mwi,fox,https://randomuser.me/api/portraits/women/62.jpg,65982,{thumbnail=https://randomuser.me/api/portraits/thumb/women/62.jpg", large=https://randomuser.me/api/portraits/women/62.jpg", medium=https://randomuser.me/api/portraits/med/women/62.jpg},e40aaabbbd40b348a36b639d2d261ce6460e79fa,(099)-302-6307,1950-03-26 15:25:40,SSN,{city=fort lauderdale", street=8265 valley view ln", postcode=65982", state=new york},eileen,beautifulelephant878,81af5a67706ce8a249962cdc358389e2
male,660d8e01ddfb19fc3cf2cdbc3f034b8ce1291a6cecd6a5dcf69d3ccfd8aad336,hampton,2006-01-07 20:00:57,https://randomuser.me/api/portraits/med/men/75.jpg,{sha1=288a7c5b9481a5669daa7aa3e0768057b43c51a9", password=strawber", salt=v8h4WbSE", sha256=660d8e01ddfb19fc3cf2cdbc3f034b8ce1291a6cecd6a5dcf69d3ccfd8aad336", username=heavyladybug457", md5=40ff22968d3a0aa94b80861fa446073b},(692)-380-2340,mr,strawber,5517 w campbell ave,{name=SSN", value=477-68-3879},oklahoma,477-68-3879,jesus.patterson@example.com,US,https://randomuser.me/api/portraits/thumb/men/75.jpg,v8h4WbSE,patterson,https://randomuser.me/api/portraits/men/75.jpg,52146,{thumbnail=https://randomuser.me/api/portraits/thumb/men/75.jpg", large=https://randomuser.me/api/portraits/men/75.jpg", medium=https://randomuser.me/api/portraits/med/men/75.jpg},288a7c5b9481a5669daa7aa3e0768057b43c51a9,(256)-889-5126,1945-07-31 13:23:44,SSN,{city=hampton", street=5517 w campbell ave", postcode=52146", state=oklahoma},jesus,heavyladybug457,40ff22968d3a0aa94b80861fa446073b
male,67152c2f4c3490058bdb7e533fe27ab57368db69e06000434397d81ecf007dee,santa clarita,2012-04-07 05:51:45,https://randomuser.me/api/portraits/med/men/37.jpg,{sha1=ea2103efdac09ac478f14c23a561e46a9c34c7c0", password=deepthroat", salt=9chipRJU", sha256=67152c2f4c3490058bdb7e533fe27ab57368db69e06000434397d81ecf007dee", username=heavymeercat459", md5=2243390dc70f6fba0f039f26df08b62d},(156)-838-4771,mr,deepthroat,3291 spring st,{name=SSN", value=266-79-4424},north dakota,266-79-4424,lance.ortiz@example.com,US,https://randomuser.me/api/portraits/thumb/men/37.jpg,9chipRJU,ortiz,https://randomuser.me/api/portraits/men/37.jpg,53476,{thumbnail=https://randomuser.me/api/portraits/thumb/men/37.jpg", large=https://randomuser.me/api/portraits/men/37.jpg", medium=https://randomuser.me/api/portraits/med/men/37.jpg},ea2103efdac09ac478f14c23a561e46a9c34c7c0,(590)-906-9981,1965-07-29 22:31:15,SSN,{city=santa clarita", street=3291 spring st", postcode=53476", state=north dakota},lance,heavymeercat459,2243390dc70f6fba0f039f26df08b62d
female,11ededcb2ceb96f8d4fcab44b43353807e83a4502c7c576ff7ef6a43022dc9d6,addison,2006-05-26 07:53:10,https://randomuser.me/api/portraits/med/women/91.jpg,{sha1=3559b3529cb2b9bf73a6b44ca0cef290c435edec", password=simba1", salt=6KnMPN26", sha256=11ededcb2ceb96f8d4fcab44b43353807e83a4502c7c576ff7ef6a43022dc9d6", username=smallduck849", md5=62cda872f280d27f2de1c2caa4aba9ef},(413)-571-1318,mrs,simba1,4101 mcgowen st,{name=SSN", value=935-87-8112},nebraska,935-87-8112,mia.wood@example.com,US,https://randomuser.me/api/portraits/thumb/women/91.jpg,6KnMPN26,wood,https://randomuser.me/api/portraits/women/91.jpg,25860,{thumbnail=https://randomuser.me/api/portraits/thumb/women/91.jpg", large=https://randomuser.me/api/portraits/women/91.jpg", medium=https://randomuser.me/api/portraits/med/women/91.jpg},3559b3529cb2b9bf73a6b44ca0cef290c435edec,(762)-283-5355,1946-08-02 20:24:40,SSN,{city=addison", street=4101 mcgowen st", postcode=25860", state=nebraska},mia,smallduck849,62cda872f280d27f2de1c2caa4aba9ef
female,7277c69810f93ee4ae0bf60759c65ad48f535e127e3f518091d71519be8b0372,dallas,2012-01-03 02:38:31,https://randomuser.me/api/portraits/med/women/70.jpg,{sha1=22e3449f52ef325486d19726166c95f5408eee55", password=cleo", salt=ckZq80ZO", sha256=7277c69810f93ee4ae0bf60759c65ad48f535e127e3f518091d71519be8b0372", username=organicfrog953", md5=8f54f666c49cc1bac9567a8586a80f8f},(802)-797-1201,mrs,cleo,1962 w pecan st,{name=SSN", value=374-65-8099},west virginia,374-65-8099,margie.pierce@example.com,US,https://randomuser.me/api/portraits/thumb/women/70.jpg,ckZq80ZO,pierce,https://randomuser.me/api/portraits/women/70.jpg,22365,{thumbnail=https://randomuser.me/api/portraits/thumb/women/70.jpg", large=https://randomuser.me/api/portraits/women/70.jpg", medium=https://randomuser.me/api/portraits/med/women/70.jpg},22e3449f52ef325486d19726166c95f5408eee55,(785)-390-5585,1949-02-02 01:43:15,SSN,{city=dallas", street=1962 w pecan st", postcode=22365", state=west virginia},margie,organicfrog953,8f54f666c49cc1bac9567a8586a80f8f
female,59b5a55ae0273a237fcd006ad91fcfacc2e50bf8c967b6bdc895e492b88dacde,green bay,2012-03-27 21:01:20,https://randomuser.me/api/portraits/med/women/41.jpg,{sha1=f2cfbf25193e04ae6ba30cee45711803506edb46", password=bond", salt=O5YhJd5S", sha256=59b5a55ae0273a237fcd006ad91fcfacc2e50bf8c967b6bdc895e492b88dacde", username=blackladybug947", md5=49ae09d26dffff49640ce80465a83177},(081)-518-2095,mrs,bond,3317 taylor st,{name=SSN", value=487-30-7654},arizona,487-30-7654,evelyn.rhodes@example.com,US,https://randomuser.me/api/portraits/thumb/women/41.jpg,O5YhJd5S,rhodes,https://randomuser.me/api/portraits/women/41.jpg,29377,{thumbnail=https://randomuser.me/api/portraits/thumb/women/41.jpg", large=https://randomuser.me/api/portraits/women/41.jpg", medium=https://randomuser.me/api/portraits/med/women/41.jpg},f2cfbf25193e04ae6ba30cee45711803506edb46,(000)-276-5658,1945-12-23 18:18:57,SSN,{city=green bay", street=3317 taylor st", postcode=29377", state=arizona},evelyn,blackladybug947,49ae09d26dffff49640ce80465a83177
male,5c3f701dba78c4cb1a47fbc64132b3a222b387c952f03e81f66cda92ef732bc4,portland,2013-04-08 04:17:27,https://randomuser.me/api/portraits/med/men/61.jpg,{sha1=a327db45b64561fd48233b6b0d14e03d83f63d99", password=sushi", salt=zQh7XwIQ", sha256=5c3f701dba78c4cb1a47fbc64132b3a222b387c952f03e81f66cda92ef732bc4", username=organicsnake710", md5=86ca29bf4d41d41e5817099e77388edb},(331)-506-9406,mr,sushi,8904 hillcrest rd,{name=SSN", value=146-01-6688},north carolina,146-01-6688,luis.shelton@example.com,US,https://randomuser.me/api/portraits/thumb/men/61.jpg,zQh7XwIQ,shelton,https://randomuser.me/api/portraits/men/61.jpg,45373,{thumbnail=https://randomuser.me/api/portraits/thumb/men/61.jpg", large=https://randomuser.me/api/portraits/men/61.jpg", medium=https://randomuser.me/api/portraits/med/men/61.jpg},a327db45b64561fd48233b6b0d14e03d83f63d99,(994)-652-3011,1949-12-24 14:00:03,SSN,{city=portland", street=8904 hillcrest rd", postcode=45373", state=north carolina},luis,organicsnake710,86ca29bf4d41d41e5817099e77388edb
male,f7e06e6b2e91e2fed64c723d43bceb86c730eddd803878b78c75650f3d79dc4d,richardson,2006-07-09 18:43:20,https://randomuser.me/api/portraits/med/men/63.jpg,{sha1=f3376fd1ce983ebd0afa4f9d741958a0b5d86675", password=playboy2", salt=6wDW7a50", sha256=f7e06e6b2e91e2fed64c723d43bceb86c730eddd803878b78c75650f3d79dc4d", username=whitefish110", md5=c3aeda79cf4e7ea2c17e2adec000eba4},(746)-881-8158,mr,playboy2,3289 lakeview st,{name=SSN", value=648-06-3286},washington,648-06-3286,brayden.garrett@example.com,US,https://randomuser.me/api/portraits/thumb/men/63.jpg,6wDW7a50,garrett,https://randomuser.me/api/portraits/men/63.jpg,64539,{thumbnail=https://randomuser.me/api/portraits/thumb/men/63.jpg", large=https://randomuser.me/api/portraits/men/63.jpg", medium=https://randomuser.me/api/portraits/med/men/63.jpg},f3376fd1ce983ebd0afa4f9d741958a0b5d86675,(953)-575-3075,1982-02-12 09:44:39,SSN,{city=richardson", street=3289 lakeview st", postcode=64539", state=washington},brayden,whitefish110,c3aeda79cf4e7ea2c17e2adec000eba4
female,1b6f418b23243c1ee8e8967ebc42f823f068ce19e12e8ae596b54a5510890ba2,grand prairie,2006-03-04 12:39:20,https://randomuser.me/api/portraits/med/women/91.jpg,{sha1=4b29801402c87d9c68eb7a4f7fbecd5b16e16030", password